{
  "IcoMoonType": "selection",
  "icons": [
    {
      "icon": {
        "paths": [
          "M733.636 920.803h-648.277c-46.565 0-84.662-38.098-84.662-84.657v-648.282c0-46.57 38.098-84.667 84.662-84.667h648.282c46.565 0 84.662 38.098 84.662 84.662v648.282c0 46.565-38.098 84.662-84.667 84.662z"
        ],
        "attrs": [
          {}
        ],
        "width": 819,
        "isMulticolor": false,
        "isMulticolor2": false,
        "grid": 0,
        "tags": [
          "stop-rounded"
        ]
      },
      "attrs": [
        {}
      ],
      "properties": {
        "order": 12,
        "id": 0,
        "name": "stop-rounded",
        "prevSize": 32,
        "code": 59654
      },
      "setIdx": 0,
      "setId": 5,
      "iconIdx": 0
    },
    {
      "icon": {
        "paths": [
          "M205.929 207.258c-32.768-18.842-73.728 4.915-73.728 42.598v523.469c0 38.502 40.96 62.259 73.728 42.598l448.102-261.325c32.768-18.842 32.768-66.355 0-86.016l-448.102-261.325z"
        ],
        "attrs": [
          {}
        ],
        "width": 819,
        "grid": 0,
        "tags": [
          "play-rounded"
        ],
        "isMulticolor": false,
        "isMulticolor2": false
      },
      "attrs": [
        {}
      ],
      "properties": {
        "order": 11,
        "id": 0,
        "name": "play-rounded",
        "prevSize": 32,
        "code": 59653
      },
      "setIdx": 1,
      "setId": 4,
      "iconIdx": 0
    },
    {
      "icon": {
        "paths": [
          "M810 170v86h-596v-86h148l44-42h212l44 42h148zM256 810v-512h512v512c0 46-40 86-86 86h-340c-46 0-86-40-86-86z"
        ],
        "attrs": [
          {}
        ],
        "isMulticolor": false,
        "isMulticolor2": false,
        "tags": [
          "delete"
        ],
        "grid": 24
      },
      "attrs": [
        {}
      ],
      "properties": {
        "order": 1,
        "id": 1,
        "name": "delete",
        "prevSize": 24,
        "code": 59652
      },
      "setIdx": 2,
      "setId": 3,
      "iconIdx": 0
    },
    {
      "icon": {
        "paths": [
          "M884 300l-78 78-160-160 78-78c16-16 44-16 60 0l100 100c16 16 16 44 0 60zM128 736l472-472 160 160-472 472h-160v-160z"
        ],
        "attrs": [
          {}
        ],
        "isMulticolor": false,
        "isMulticolor2": false,
        "tags": [
          "mode_edit"
        ],
        "grid": 24
      },
      "attrs": [
        {}
      ],
      "properties": {
        "order": 1,
        "id": 0,
        "prevSize": 24,
        "code": 59648,
        "name": "edit"
      },
      "setIdx": 2,
      "setId": 3,
      "iconIdx": 1
    },
    {
      "icon": {
        "paths": [
          "M563.2 844.8v-179.2h-409.6v-307.2h409.6v-179.2l332.8 332.8-332.8 332.8z"
        ],
        "attrs": [
          {}
        ],
        "isMulticolor": false,
        "isMulticolor2": false,
        "tags": [
          "arrow-right"
        ],
        "grid": 20
      },
      "attrs": [
        {}
      ],
      "properties": {
        "order": 1,
        "id": 1,
        "prevSize": 20,
        "code": 59651,
        "name": "arrow-right"
      },
      "setIdx": 3,
      "setId": 2,
      "iconIdx": 0
    },
    {
      "icon": {
        "paths": [
          "M512.051 399.36c-62.208 0-112.691 50.432-112.691 112.64s50.483 112.64 112.691 112.64c62.208 0 112.589-50.432 112.589-112.64s-50.381-112.64-112.589-112.64zM153.651 399.36c-62.208 0-112.691 50.432-112.691 112.64s50.483 112.64 112.691 112.64c62.208 0 112.589-50.483 112.589-112.64s-50.381-112.64-112.589-112.64zM870.451 399.36c-62.208 0-112.691 50.432-112.691 112.64s50.483 112.64 112.691 112.64c62.208 0 112.589-50.432 112.589-112.64s-50.381-112.64-112.589-112.64z"
        ],
        "attrs": [],
        "isMulticolor": false,
        "isMulticolor2": false,
        "tags": [
          "dots-three-horizontal"
        ],
        "grid": 20
      },
      "attrs": [],
      "properties": {
        "id": 60,
        "order": 5,
        "prevSize": 20,
        "code": 59650,
        "name": "dots"
      },
      "setIdx": 4,
      "setId": 1,
      "iconIdx": 2
    },
    {
      "icon": {
        "paths": [
          "M734.618 760.269c-24.013 24.013-62.925 24.013-86.886 0l-135.731-155.136-135.731 155.085c-24.013 24.013-62.925 24.013-86.886 0-24.013-24.013-24.013-62.925 0-86.886l141.21-161.28-141.261-161.382c-24.013-24.013-24.013-62.874 0-86.886s62.874-24.013 86.886 0l135.782 155.187 135.731-155.187c24.013-24.013 62.874-24.013 86.886 0s24.013 62.925 0 86.886l-141.21 161.382 141.21 161.28c24.013 24.013 24.013 62.925 0 86.938z"
        ],
        "attrs": [],
        "isMulticolor": false,
        "isMulticolor2": false,
        "tags": [
          "cross"
        ],
        "grid": 20
      },
      "attrs": [],
      "properties": {
        "id": 142,
        "order": 4,
        "prevSize": 20,
        "code": 59649,
        "name": "close"
      },
      "setIdx": 4,
      "setId": 1,
      "iconIdx": 3
    },
    {
      "icon": {
        "paths": [
          "M192 128l640 384-640 384z"
        ],
        "tags": [
          "play",
          "player"
        ],
        "defaultCode": 59932,
        "grid": 16,
        "attrs": []
      },
      "attrs": [],
      "properties": {
        "ligatures": "play3, player8",
        "name": "play",
        "order": 7,
        "id": 285,
        "prevSize": 32,
        "code": 59932
      },
      "setIdx": 4,
      "setId": 1,
      "iconIdx": 0
    },
    {
      "icon": {
        "paths": [
          "M128 128h768v768h-768z"
        ],
        "tags": [
          "stop",
          "player",
          "square"
        ],
        "defaultCode": 59934,
        "grid": 16,
        "attrs": []
      },
      "attrs": [],
      "properties": {
        "ligatures": "stop2, player10",
        "name": "stop",
        "order": 8,
        "id": 287,
        "prevSize": 32,
        "code": 59934
      },
      "setIdx": 4,
      "setId": 1,
      "iconIdx": 1
    }
  ],
  "height": 1024,
  "metadata": {
    "name": "icomoon"
  },
  "preferences": {
    "showGlyphs": true,
    "showQuickUse": true,
    "showQuickUse2": true,
    "showSVGs": true,
    "fontPref": {
      "prefix": "icon-",
      "metadata": {
        "fontFamily": "icomoon"
      },
      "metrics": {
        "emSize": 1024,
        "baseline": 6.25,
        "whitespace": 50
      },
      "embed": false,
      "autoHost": true
    },
    "imagePref": {
      "prefix": "icon-",
      "png": true,
      "useClassSelector": true,
      "color": 0,
      "bgColor": 16777215,
      "classSelector": ".icon"
    },
    "historySize": 50,
    "showCodes": true,
    "gridSize": 16,
    "quickUsageToken": {
      "PomodoroTimeTracker": "YWM2MTU4ZGU0NjBkOTM5YTU0ZDhlNjNmYWY2NGYzOWQjMSMxNTA1NDQyODU5IyMj"
    }
  }
}